name,slug,description,short_description,type,status,visibility,brand_slug,category_slugs,price,compare_at_price,sku,track_inventory,initial_stock,image_url,image_alt
Classic Cotton T-Shirt,classic-cotton-t-shirt,"Classic Cotton T-Shirt designed for reliable everyday use, combining practical features, quality materials and a clean modern design.",Quality classic cotton t-shirt for everyday use.,SIMPLE,DRAFT,VISIBLE,acme,apparel,5.99,7.99,SKU-0001,true,141,https://images.unsplash.com/featured/1200x1200/?classic-cotton-t-shirt,Classic Cotton T-Shirt product image
Premium Polo Shirt,premium-polo-shirt,"Premium Polo Shirt designed for reliable everyday use, combining practical features, quality materials and a clean modern design.",Quality premium polo shirt for everyday use.,SIMPLE,DRAFT,VISIBLE,acme,apparel,8.99,11.99,SKU-0002,true,115,https://images.unsplash.com/featured/1200x1200/?premium-polo-shirt,Premium Polo Shirt product image
Slim Fit Oxford Shirt,slim-fit-oxford-shirt,"Slim Fit Oxford Shirt designed for reliable everyday use, combining practical features, quality materials and a clean modern design.",Quality slim fit oxford shirt for everyday use.,SIMPLE,DRAFT,VISIBLE,acme,apparel,12.99,16.99,SKU-0003,true,118,https://images.unsplash.com/featured/1200x1200/?slim-fit-oxford-shirt,Slim Fit Oxford Shirt product image
Relaxed Linen Shirt,relaxed-linen-shirt,"Relaxed Linen Shirt designed for reliable everyday use, combining practical features, quality materials and a clean modern design.",Quality relaxed linen shirt for everyday use.,SIMPLE,DRAFT,VISIBLE,acme,apparel,14.99,19.99,SKU-0004,true,96,https://images.unsplash.com/featured/1200x1200/?relaxed-linen-shirt,Relaxed Linen Shirt product image
Everyday Chino Pants,everyday-chino-pants,"Everyday Chino Pants designed for reliable everyday use, combining practical features, quality materials and a clean modern design.",Quality everyday chino pants for everyday use.,SIMPLE,DRAFT,VISIBLE,acme,apparel,13.99,17.99,SKU-0005,true,93,https://images.unsplash.com/featured/1200x1200/?everyday-chino-pants,Everyday Chino Pants product image
Tapered Jogger Pants,tapered-jogger-pants,"Tapered Jogger Pants designed for reliable everyday use, combining practical features, quality materials and a clean modern design.",Quality tapered jogger pants for everyday use.,SIMPLE,DRAFT,VISIBLE,acme,apparel,9.99,12.99,SKU-0006,true,72,https://images.unsplash.com/featured/1200x1200/?tapered-jogger-pants,Tapered Jogger Pants product image
Classic Denim Jeans,classic-denim-jeans,"Classic Denim Jeans designed for reliable everyday use, combining practical features, quality materials and a clean modern design.",Quality classic denim jeans for everyday use.,SIMPLE,DRAFT,VISIBLE,acme,apparel,15.99,21.99,SKU-0007,true,72,https://images.unsplash.com/featured/1200x1200/?classic-denim-jeans,Classic Denim Jeans product image
Oversized Hoodie,oversized-hoodie,"Oversized Hoodie designed for reliable everyday use, combining practical features, quality materials and a clean modern design.",Quality oversized hoodie for everyday use.,SIMPLE,DRAFT,VISIBLE,acme,apparel,12.99,17.99,SKU-0008,true,127,https://images.unsplash.com/featured/1200x1200/?oversized-hoodie,Oversized Hoodie product image
Lightweight Bomber Jacket,lightweight-bomber-jacket,"Lightweight Bomber Jacket designed for reliable everyday use, combining practical features, quality materials and a clean modern design.",Quality lightweight bomber jacket for everyday use.,SIMPLE,DRAFT,VISIBLE,acme,apparel,21.99,29.99,SKU-0009,true,100,https://images.unsplash.com/featured/1200x1200/?lightweight-bomber-jacket,Lightweight Bomber Jacket product image
Quilted Winter Jacket,quilted-winter-jacket,"Quilted Winter Jacket designed for reliable everyday use, combining practical features, quality materials and a clean modern design.",Quality quilted winter jacket for everyday use.,SIMPLE,DRAFT,VISIBLE,acme,apparel,29.99,39.99,SKU-0010,true,125,https://images.unsplash.com/featured/1200x1200/?quilted-winter-jacket,Quilted Winter Jacket product image
Leather Card Holder,leather-card-holder,"Leather Card Holder designed for reliable everyday use, combining practical features, quality materials and a clean modern design.",Quality leather card holder for everyday use.,SIMPLE,DRAFT,VISIBLE,acme,apparel,6.99,9.99,SKU-0011,true,60,https://images.unsplash.com/featured/1200x1200/?leather-card-holder,Leather Card Holder product image
Classic Leather Wallet,classic-leather-wallet,"Classic Leather Wallet designed for reliable everyday use, combining practical features, quality materials and a clean modern design.",Quality classic leather wallet for everyday use.,SIMPLE,DRAFT,VISIBLE,acme,apparel,9.99,13.99,SKU-0012,true,118,https://images.unsplash.com/featured/1200x1200/?classic-leather-wallet,Classic Leather Wallet product image
Canvas Backpack,canvas-backpack,"Canvas Backpack designed for reliable everyday use, combining practical features, quality materials and a clean modern design.",Quality canvas backpack for everyday use.,SIMPLE,DRAFT,VISIBLE,acme,apparel,14.99,19.99,SKU-0013,true,113,https://images.unsplash.com/featured/1200x1200/?canvas-backpack,Canvas Backpack product image
Urban Laptop Backpack,urban-laptop-backpack,"Urban Laptop Backpack designed for reliable everyday use, combining practical features, quality materials and a clean modern design.",Quality urban laptop backpack for everyday use.,SIMPLE,DRAFT,VISIBLE,acme,apparel,19.99,26.99,SKU-0014,true,125,https://images.unsplash.com/featured/1200x1200/?urban-laptop-backpack,Urban Laptop Backpack product image
Travel Duffel Bag,travel-duffel-bag,"Travel Duffel Bag designed for reliable everyday use, combining practical features, quality materials and a clean modern design.",Quality travel duffel bag for everyday use.,SIMPLE,DRAFT,VISIBLE,acme,apparel,17.99,23.99,SKU-0015,true,26,https://images.unsplash.com/featured/1200x1200/?travel-duffel-bag,Travel Duffel Bag product image
Minimal Crossbody Bag,minimal-crossbody-bag,"Minimal Crossbody Bag designed for reliable everyday use, combining practical features, quality materials and a clean modern design.",Quality minimal crossbody bag for everyday use.,SIMPLE,DRAFT,VISIBLE,acme,apparel,8.99,12.99,SKU-0016,true,77,https://images.unsplash.com/featured/1200x1200/?minimal-crossbody-bag,Minimal Crossbody Bag product image
Classic Analog Watch,classic-analog-watch,"Classic Analog Watch designed for reliable everyday use, combining practical features, quality materials and a clean modern design.",Quality classic analog watch for everyday use.,SIMPLE,DRAFT,VISIBLE,acme,apparel,24.99,32.99,SKU-0017,true,76,https://images.unsplash.com/featured/1200x1200/?classic-analog-watch,Classic Analog Watch product image
Minimal Steel Watch,minimal-steel-watch,"Minimal Steel Watch designed for reliable everyday use, combining practical features, quality materials and a clean modern design.",Quality minimal steel watch for everyday use.,SIMPLE,DRAFT,VISIBLE,acme,apparel,29.99,39.99,SKU-0018,true,110,https://images.unsplash.com/featured/1200x1200/?minimal-steel-watch,Minimal Steel Watch product image
Sport Digital Watch,sport-digital-watch,"Sport Digital Watch designed for reliable everyday use, combining practical features, quality materials and a clean modern design.",Quality sport digital watch for everyday use.,SIMPLE,DRAFT,VISIBLE,acme,apparel,17.99,24.99,SKU-0019,true,32,https://images.unsplash.com/featured/1200x1200/?sport-digital-watch,Sport Digital Watch product image
Aviator Sunglasses,aviator-sunglasses,"Aviator Sunglasses designed for reliable everyday use, combining practical features, quality materials and a clean modern design.",Quality aviator sunglasses for everyday use.,SIMPLE,DRAFT,VISIBLE,acme,apparel,7.99,11.99,SKU-0020,true,82,https://images.unsplash.com/featured/1200x1200/?aviator-sunglasses,Aviator Sunglasses product image
Classic Running Shoes,classic-running-shoes,"Classic Running Shoes designed for reliable everyday use, combining practical features, quality materials and a clean modern design.",Quality classic running shoes for everyday use.,SIMPLE,DRAFT,VISIBLE,acme,apparel,22.99,29.99,SKU-0021,true,78,https://images.unsplash.com/featured/1200x1200/?classic-running-shoes,Classic Running Shoes product image
Everyday Sneakers,everyday-sneakers,"Everyday Sneakers designed for reliable everyday use, combining practical features, quality materials and a clean modern design.",Quality everyday sneakers for everyday use.,SIMPLE,DRAFT,VISIBLE,acme,apparel,17.99,23.99,SKU-0022,true,84,https://images.unsplash.com/featured/1200x1200/?everyday-sneakers,Everyday Sneakers product image
Leather Casual Shoes,leather-casual-shoes,"Leather Casual Shoes designed for reliable everyday use, combining practical features, quality materials and a clean modern design.",Quality leather casual shoes for everyday use.,SIMPLE,DRAFT,VISIBLE,acme,apparel,24.99,32.99,SKU-0023,true,140,https://images.unsplash.com/featured/1200x1200/?leather-casual-shoes,Leather Casual Shoes product image
Classic Formal Shoes,classic-formal-shoes,"Classic Formal Shoes designed for reliable everyday use, combining practical features, quality materials and a clean modern design.",Quality classic formal shoes for everyday use.,SIMPLE,DRAFT,VISIBLE,acme,apparel,29.99,39.99,SKU-0024,true,40,https://images.unsplash.com/featured/1200x1200/?classic-formal-shoes,Classic Formal Shoes product image
Comfort Walking Shoes,comfort-walking-shoes,"Comfort Walking Shoes designed for reliable everyday use, combining practical features, quality materials and a clean modern design.",Quality comfort walking shoes for everyday use.,SIMPLE,DRAFT,VISIBLE,acme,apparel,19.99,26.99,SKU-0025,true,94,https://images.unsplash.com/featured/1200x1200/?comfort-walking-shoes,Comfort Walking Shoes product image
Canvas Slip-On Shoes,canvas-slip-on-shoes,"Canvas Slip-On Shoes designed for reliable everyday use, combining practical features, quality materials and a clean modern design.",Quality canvas slip-on shoes for everyday use.,SIMPLE,DRAFT,VISIBLE,acme,apparel,9.99,13.99,SKU-0026,true,72,https://images.unsplash.com/featured/1200x1200/?canvas-slip-on-shoes,Canvas Slip-On Shoes product image
Trail Outdoor Shoes,trail-outdoor-shoes,"Trail Outdoor Shoes designed for reliable everyday use, combining practical features, quality materials and a clean modern design.",Quality trail outdoor shoes for everyday use.,SIMPLE,DRAFT,VISIBLE,acme,apparel,27.99,36.99,SKU-0027,true,63,https://images.unsplash.com/featured/1200x1200/?trail-outdoor-shoes,Trail Outdoor Shoes product image
Classic Flip Flops,classic-flip-flops,"Classic Flip Flops designed for reliable everyday use, combining practical features, quality materials and a clean modern design.",Quality classic flip flops for everyday use.,SIMPLE,DRAFT,VISIBLE,acme,apparel,3.99,5.99,SKU-0028,true,51,https://images.unsplash.com/featured/1200x1200/?classic-flip-flops,Classic Flip Flops product image
Cushioned Slides,cushioned-slides,"Cushioned Slides designed for reliable everyday use, combining practical features, quality materials and a clean modern design.",Quality cushioned slides for everyday use.,SIMPLE,DRAFT,VISIBLE,acme,apparel,5.99,8.99,SKU-0029,true,35,https://images.unsplash.com/featured/1200x1200/?cushioned-slides,Cushioned Slides product image
Premium Loafers,premium-loafers,"Premium Loafers designed for reliable everyday use, combining practical features, quality materials and a clean modern design.",Quality premium loafers for everyday use.,SIMPLE,DRAFT,VISIBLE,acme,apparel,26.99,34.99,SKU-0030,true,118,https://images.unsplash.com/featured/1200x1200/?premium-loafers,Premium Loafers product image
Wireless Earbuds,wireless-earbuds,"Wireless Earbuds designed for reliable everyday use, combining practical features, quality materials and a clean modern design.",Quality wireless earbuds for everyday use.,SIMPLE,DRAFT,VISIBLE,acme,apparel,19.99,29.99,SKU-0031,true,32,https://images.unsplash.com/featured/1200x1200/?wireless-earbuds,Wireless Earbuds product image
Noise Cancelling Headphones,noise-cancelling-headphones,"Noise Cancelling Headphones designed for reliable everyday use, combining practical features, quality materials and a clean modern design.",Quality noise cancelling headphones for everyday use.,SIMPLE,DRAFT,VISIBLE,acme,apparel,49.99,69.99,SKU-0032,true,66,https://images.unsplash.com/featured/1200x1200/?noise-cancelling-headphones,Noise Cancelling Headphones product image
Portable Bluetooth Speaker,portable-bluetooth-speaker,"Portable Bluetooth Speaker designed for reliable everyday use, combining practical features, quality materials and a clean modern design.",Quality portable bluetooth speaker for everyday use.,SIMPLE,DRAFT,VISIBLE,acme,apparel,17.99,24.99,SKU-0033,true,68,https://images.unsplash.com/featured/1200x1200/?portable-bluetooth-speaker,Portable Bluetooth Speaker product image
USB-C Fast Charger,usb-c-fast-charger,"USB-C Fast Charger designed for reliable everyday use, combining practical features, quality materials and a clean modern design.",Quality usb-c fast charger for everyday use.,SIMPLE,DRAFT,VISIBLE,acme,apparel,7.99,10.99,SKU-0034,true,34,https://images.unsplash.com/featured/1200x1200/?usb-c-fast-charger,USB-C Fast Charger product image
Multi-Port Charging Hub,multi-port-charging-hub,"Multi-Port Charging Hub designed for reliable everyday use, combining practical features, quality materials and a clean modern design.",Quality multi-port charging hub for everyday use.,SIMPLE,DRAFT,VISIBLE,acme,apparel,12.99,17.99,SKU-0035,true,115,https://images.unsplash.com/featured/1200x1200/?multi-port-charging-hub,Multi-Port Charging Hub product image
Braided USB-C Cable,braided-usb-c-cable,"Braided USB-C Cable designed for reliable everyday use, combining practical features, quality materials and a clean modern design.",Quality braided usb-c cable for everyday use.,SIMPLE,DRAFT,VISIBLE,acme,apparel,3.99,5.99,SKU-0036,true,36,https://images.unsplash.com/featured/1200x1200/?braided-usb-c-cable,Braided USB-C Cable product image
"20,000mAh Power Bank",20000mah-power-bank,"20,000mAh Power Bank designed for reliable everyday use, combining practical features, quality materials and a clean modern design.","Quality 20,000mah power bank for everyday use.",SIMPLE,DRAFT,VISIBLE,acme,apparel,14.99,19.99,SKU-0037,true,94,https://images.unsplash.com/featured/1200x1200/?20000mah-power-bank,"20,000mAh Power Bank product image"
Smart Fitness Band,smart-fitness-band,"Smart Fitness Band designed for reliable everyday use, combining practical features, quality materials and a clean modern design.",Quality smart fitness band for everyday use.,SIMPLE,DRAFT,VISIBLE,acme,apparel,24.99,34.99,SKU-0038,true,95,https://images.unsplash.com/featured/1200x1200/?smart-fitness-band,Smart Fitness Band product image
Mechanical Gaming Keyboard,mechanical-gaming-keyboard,"Mechanical Gaming Keyboard designed for reliable everyday use, combining practical features, quality materials and a clean modern design.",Quality mechanical gaming keyboard for everyday use.,SIMPLE,DRAFT,VISIBLE,acme,apparel,29.99,39.99,SKU-0039,true,147,https://images.unsplash.com/featured/1200x1200/?mechanical-gaming-keyboard,Mechanical Gaming Keyboard product image
Wireless Mouse,wireless-mouse,"Wireless Mouse designed for reliable everyday use, combining practical features, quality materials and a clean modern design.",Quality wireless mouse for everyday use.,SIMPLE,DRAFT,VISIBLE,acme,apparel,6.99,9.99,SKU-0040,true,23,https://images.unsplash.com/featured/1200x1200/?wireless-mouse,Wireless Mouse product image
Ceramic Coffee Mug,ceramic-coffee-mug,"Ceramic Coffee Mug designed for reliable everyday use, combining practical features, quality materials and a clean modern design.",Quality ceramic coffee mug for everyday use.,SIMPLE,DRAFT,VISIBLE,acme,apparel,3.49,4.99,SKU-0041,true,75,https://images.unsplash.com/featured/1200x1200/?ceramic-coffee-mug,Ceramic Coffee Mug product image
Insulated Travel Mug,insulated-travel-mug,"Insulated Travel Mug designed for reliable everyday use, combining practical features, quality materials and a clean modern design.",Quality insulated travel mug for everyday use.,SIMPLE,DRAFT,VISIBLE,acme,apparel,6.99,9.99,SKU-0042,true,64,https://images.unsplash.com/featured/1200x1200/?insulated-travel-mug,Insulated Travel Mug product image
Stainless Steel Water Bottle,stainless-steel-water-bottle,"Stainless Steel Water Bottle designed for reliable everyday use, combining practical features, quality materials and a clean modern design.",Quality stainless steel water bottle for everyday use.,SIMPLE,DRAFT,VISIBLE,acme,apparel,5.99,8.99,SKU-0043,true,29,https://images.unsplash.com/featured/1200x1200/?stainless-steel-water-bottle,Stainless Steel Water Bottle product image
Glass Storage Jar Set,glass-storage-jar-set,"Glass Storage Jar Set designed for reliable everyday use, combining practical features, quality materials and a clean modern design.",Quality glass storage jar set for everyday use.,SIMPLE,DRAFT,VISIBLE,acme,apparel,8.99,12.99,SKU-0044,true,36,https://images.unsplash.com/featured/1200x1200/?glass-storage-jar-set,Glass Storage Jar Set product image
Bamboo Cutting Board,bamboo-cutting-board,"Bamboo Cutting Board designed for reliable everyday use, combining practical features, quality materials and a clean modern design.",Quality bamboo cutting board for everyday use.,SIMPLE,DRAFT,VISIBLE,acme,apparel,6.99,9.99,SKU-0045,true,32,https://images.unsplash.com/featured/1200x1200/?bamboo-cutting-board,Bamboo Cutting Board product image
Non-Stick Frying Pan,non-stick-frying-pan,"Non-Stick Frying Pan designed for reliable everyday use, combining practical features, quality materials and a clean modern design.",Quality non-stick frying pan for everyday use.,SIMPLE,DRAFT,VISIBLE,acme,apparel,9.99,13.99,SKU-0046,true,131,https://images.unsplash.com/featured/1200x1200/?non-stick-frying-pan,Non-Stick Frying Pan product image
Chef Knife,chef-knife,"Chef Knife designed for reliable everyday use, combining practical features, quality materials and a clean modern design.",Quality chef knife for everyday use.,SIMPLE,DRAFT,VISIBLE,acme,apparel,7.99,10.99,SKU-0047,true,38,https://images.unsplash.com/featured/1200x1200/?chef-knife,Chef Knife product image
Cotton Kitchen Towels,cotton-kitchen-towels,"Cotton Kitchen Towels designed for reliable everyday use, combining practical features, quality materials and a clean modern design.",Quality cotton kitchen towels for everyday use.,SIMPLE,DRAFT,VISIBLE,acme,apparel,3.99,5.99,SKU-0048,true,147,https://images.unsplash.com/featured/1200x1200/?cotton-kitchen-towels,Cotton Kitchen Towels product image
Reusable Food Containers,reusable-food-containers,"Reusable Food Containers designed for reliable everyday use, combining practical features, quality materials and a clean modern design.",Quality reusable food containers for everyday use.,SIMPLE,DRAFT,VISIBLE,acme,apparel,7.99,10.99,SKU-0049,true,37,https://images.unsplash.com/featured/1200x1200/?reusable-food-containers,Reusable Food Containers product image
Electric Kettle,electric-kettle,"Electric Kettle designed for reliable everyday use, combining practical features, quality materials and a clean modern design.",Quality electric kettle for everyday use.,SIMPLE,DRAFT,VISIBLE,acme,apparel,12.99,17.99,SKU-0050,true,20,https://images.unsplash.com/featured/1200x1200/?electric-kettle,Electric Kettle product image
Memory Foam Pillow,memory-foam-pillow,"Memory Foam Pillow designed for reliable everyday use, combining practical features, quality materials and a clean modern design.",Quality memory foam pillow for everyday use.,SIMPLE,DRAFT,VISIBLE,acme,apparel,9.99,13.99,SKU-0051,true,126,https://images.unsplash.com/featured/1200x1200/?memory-foam-pillow,Memory Foam Pillow product image
Cotton Bedsheet Set,cotton-bedsheet-set,"Cotton Bedsheet Set designed for reliable everyday use, combining practical features, quality materials and a clean modern design.",Quality cotton bedsheet set for everyday use.,SIMPLE,DRAFT,VISIBLE,acme,apparel,12.99,17.99,SKU-0052,true,111,https://images.unsplash.com/featured/1200x1200/?cotton-bedsheet-set,Cotton Bedsheet Set product image
Microfiber Comforter,microfiber-comforter,"Microfiber Comforter designed for reliable everyday use, combining practical features, quality materials and a clean modern design.",Quality microfiber comforter for everyday use.,SIMPLE,DRAFT,VISIBLE,acme,apparel,17.99,24.99,SKU-0053,true,46,https://images.unsplash.com/featured/1200x1200/?microfiber-comforter,Microfiber Comforter product image
Soft Bath Towel,soft-bath-towel,"Soft Bath Towel designed for reliable everyday use, combining practical features, quality materials and a clean modern design.",Quality soft bath towel for everyday use.,SIMPLE,DRAFT,VISIBLE,acme,apparel,4.99,6.99,SKU-0054,true,114,https://images.unsplash.com/featured/1200x1200/?soft-bath-towel,Soft Bath Towel product image
Hand Towel Set,hand-towel-set,"Hand Towel Set designed for reliable everyday use, combining practical features, quality materials and a clean modern design.",Quality hand towel set for everyday use.,SIMPLE,DRAFT,VISIBLE,acme,apparel,3.99,5.99,SKU-0055,true,93,https://images.unsplash.com/featured/1200x1200/?hand-towel-set,Hand Towel Set product image
Decorative Cushion Cover,decorative-cushion-cover,"Decorative Cushion Cover designed for reliable everyday use, combining practical features, quality materials and a clean modern design.",Quality decorative cushion cover for everyday use.,SIMPLE,DRAFT,VISIBLE,acme,apparel,2.99,4.49,SKU-0056,true,68,https://images.unsplash.com/featured/1200x1200/?decorative-cushion-cover,Decorative Cushion Cover product image
Minimal Wall Clock,minimal-wall-clock,"Minimal Wall Clock designed for reliable everyday use, combining practical features, quality materials and a clean modern design.",Quality minimal wall clock for everyday use.,SIMPLE,DRAFT,VISIBLE,acme,apparel,7.99,10.99,SKU-0057,true,59,https://images.unsplash.com/featured/1200x1200/?minimal-wall-clock,Minimal Wall Clock product image
Scented Soy Candle,scented-soy-candle,"Scented Soy Candle designed for reliable everyday use, combining practical features, quality materials and a clean modern design.",Quality scented soy candle for everyday use.,SIMPLE,DRAFT,VISIBLE,acme,apparel,4.99,6.99,SKU-0058,true,76,https://images.unsplash.com/featured/1200x1200/?scented-soy-candle,Scented Soy Candle product image
Aroma Diffuser,aroma-diffuser,"Aroma Diffuser designed for reliable everyday use, combining practical features, quality materials and a clean modern design.",Quality aroma diffuser for everyday use.,SIMPLE,DRAFT,VISIBLE,acme,apparel,12.99,17.99,SKU-0059,true,28,https://images.unsplash.com/featured/1200x1200/?aroma-diffuser,Aroma Diffuser product image
LED Desk Lamp,led-desk-lamp,"LED Desk Lamp designed for reliable everyday use, combining practical features, quality materials and a clean modern design.",Quality led desk lamp for everyday use.,SIMPLE,DRAFT,VISIBLE,acme,apparel,9.99,13.99,SKU-0060,true,62,https://images.unsplash.com/featured/1200x1200/?led-desk-lamp,LED Desk Lamp product image
Yoga Mat,yoga-mat,"Yoga Mat designed for reliable everyday use, combining practical features, quality materials and a clean modern design.",Quality yoga mat for everyday use.,SIMPLE,DRAFT,VISIBLE,acme,apparel,7.99,10.99,SKU-0061,true,54,https://images.unsplash.com/featured/1200x1200/?yoga-mat,Yoga Mat product image
Resistance Band Set,resistance-band-set,"Resistance Band Set designed for reliable everyday use, combining practical features, quality materials and a clean modern design.",Quality resistance band set for everyday use.,SIMPLE,DRAFT,VISIBLE,acme,apparel,6.99,9.99,SKU-0062,true,57,https://images.unsplash.com/featured/1200x1200/?resistance-band-set,Resistance Band Set product image
Adjustable Dumbbell,adjustable-dumbbell,"Adjustable Dumbbell designed for reliable everyday use, combining practical features, quality materials and a clean modern design.",Quality adjustable dumbbell for everyday use.,SIMPLE,DRAFT,VISIBLE,acme,apparel,19.99,27.99,SKU-0063,true,134,https://images.unsplash.com/featured/1200x1200/?adjustable-dumbbell,Adjustable Dumbbell product image
Stainless Gym Shaker,stainless-gym-shaker,"Stainless Gym Shaker designed for reliable everyday use, combining practical features, quality materials and a clean modern design.",Quality stainless gym shaker for everyday use.,SIMPLE,DRAFT,VISIBLE,acme,apparel,5.99,7.99,SKU-0064,true,119,https://images.unsplash.com/featured/1200x1200/?stainless-gym-shaker,Stainless Gym Shaker product image
Sports Water Bottle,sports-water-bottle,"Sports Water Bottle designed for reliable everyday use, combining practical features, quality materials and a clean modern design.",Quality sports water bottle for everyday use.,SIMPLE,DRAFT,VISIBLE,acme,apparel,4.49,6.49,SKU-0065,true,23,https://images.unsplash.com/featured/1200x1200/?sports-water-bottle,Sports Water Bottle product image
Training Gloves,training-gloves,"Training Gloves designed for reliable everyday use, combining practical features, quality materials and a clean modern design.",Quality training gloves for everyday use.,SIMPLE,DRAFT,VISIBLE,acme,apparel,5.99,8.99,SKU-0066,true,128,https://images.unsplash.com/featured/1200x1200/?training-gloves,Training Gloves product image
Jump Rope,jump-rope,"Jump Rope designed for reliable everyday use, combining practical features, quality materials and a clean modern design.",Quality jump rope for everyday use.,SIMPLE,DRAFT,VISIBLE,acme,apparel,2.99,4.49,SKU-0067,true,96,https://images.unsplash.com/featured/1200x1200/?jump-rope,Jump Rope product image
Foam Roller,foam-roller,"Foam Roller designed for reliable everyday use, combining practical features, quality materials and a clean modern design.",Quality foam roller for everyday use.,SIMPLE,DRAFT,VISIBLE,acme,apparel,7.99,10.99,SKU-0068,true,96,https://images.unsplash.com/featured/1200x1200/?foam-roller,Foam Roller product image
Gym Duffle Bag,gym-duffle-bag,"Gym Duffle Bag designed for reliable everyday use, combining practical features, quality materials and a clean modern design.",Quality gym duffle bag for everyday use.,SIMPLE,DRAFT,VISIBLE,acme,apparel,9.99,13.99,SKU-0069,true,133,https://images.unsplash.com/featured/1200x1200/?gym-duffle-bag,Gym Duffle Bag product image
Running Cap,running-cap,"Running Cap designed for reliable everyday use, combining practical features, quality materials and a clean modern design.",Quality running cap for everyday use.,SIMPLE,DRAFT,VISIBLE,acme,apparel,3.99,5.99,SKU-0070,true,129,https://images.unsplash.com/featured/1200x1200/?running-cap,Running Cap product image
Hydrating Face Cleanser,hydrating-face-cleanser,"Hydrating Face Cleanser designed for reliable everyday use, combining practical features, quality materials and a clean modern design.",Quality hydrating face cleanser for everyday use.,SIMPLE,DRAFT,VISIBLE,acme,apparel,4.99,6.99,SKU-0071,true,39,https://images.unsplash.com/featured/1200x1200/?hydrating-face-cleanser,Hydrating Face Cleanser product image
Vitamin C Face Serum,vitamin-c-face-serum,"Vitamin C Face Serum designed for reliable everyday use, combining practical features, quality materials and a clean modern design.",Quality vitamin c face serum for everyday use.,SIMPLE,DRAFT,VISIBLE,acme,apparel,6.99,9.99,SKU-0072,true,136,https://images.unsplash.com/featured/1200x1200/?vitamin-c-face-serum,Vitamin C Face Serum product image
Daily Moisturizer,daily-moisturizer,"Daily Moisturizer designed for reliable everyday use, combining practical features, quality materials and a clean modern design.",Quality daily moisturizer for everyday use.,SIMPLE,DRAFT,VISIBLE,acme,apparel,5.99,7.99,SKU-0073,true,78,https://images.unsplash.com/featured/1200x1200/?daily-moisturizer,Daily Moisturizer product image
Sunscreen SPF 50,sunscreen-spf-50,"Sunscreen SPF 50 designed for reliable everyday use, combining practical features, quality materials and a clean modern design.",Quality sunscreen spf 50 for everyday use.,SIMPLE,DRAFT,VISIBLE,acme,apparel,6.49,8.99,SKU-0074,true,83,https://images.unsplash.com/featured/1200x1200/?sunscreen-spf-50,Sunscreen SPF 50 product image
Lip Care Balm,lip-care-balm,"Lip Care Balm designed for reliable everyday use, combining practical features, quality materials and a clean modern design.",Quality lip care balm for everyday use.,SIMPLE,DRAFT,VISIBLE,acme,apparel,1.99,2.99,SKU-0075,true,147,https://images.unsplash.com/featured/1200x1200/?lip-care-balm,Lip Care Balm product image
Aloe Body Lotion,aloe-body-lotion,"Aloe Body Lotion designed for reliable everyday use, combining practical features, quality materials and a clean modern design.",Quality aloe body lotion for everyday use.,SIMPLE,DRAFT,VISIBLE,acme,apparel,4.49,6.49,SKU-0076,true,147,https://images.unsplash.com/featured/1200x1200/?aloe-body-lotion,Aloe Body Lotion product image
Gentle Shampoo,gentle-shampoo,"Gentle Shampoo designed for reliable everyday use, combining practical features, quality materials and a clean modern design.",Quality gentle shampoo for everyday use.,SIMPLE,DRAFT,VISIBLE,acme,apparel,4.99,6.99,SKU-0077,true,77,https://images.unsplash.com/featured/1200x1200/?gentle-shampoo,Gentle Shampoo product image
Nourishing Conditioner,nourishing-conditioner,"Nourishing Conditioner designed for reliable everyday use, combining practical features, quality materials and a clean modern design.",Quality nourishing conditioner for everyday use.,SIMPLE,DRAFT,VISIBLE,acme,apparel,4.99,6.99,SKU-0078,true,144,https://images.unsplash.com/featured/1200x1200/?nourishing-conditioner,Nourishing Conditioner product image
Hand Wash,hand-wash,"Hand Wash designed for reliable everyday use, combining practical features, quality materials and a clean modern design.",Quality hand wash for everyday use.,SIMPLE,DRAFT,VISIBLE,acme,apparel,2.49,3.49,SKU-0079,true,100,https://images.unsplash.com/featured/1200x1200/?hand-wash,Hand Wash product image
Body Wash,body-wash,"Body Wash designed for reliable everyday use, combining practical features, quality materials and a clean modern design.",Quality body wash for everyday use.,SIMPLE,DRAFT,VISIBLE,acme,apparel,3.99,5.99,SKU-0080,true,123,https://images.unsplash.com/featured/1200x1200/?body-wash,Body Wash product image
Premium Notebook,premium-notebook,"Premium Notebook designed for reliable everyday use, combining practical features, quality materials and a clean modern design.",Quality premium notebook for everyday use.,SIMPLE,DRAFT,VISIBLE,acme,apparel,2.99,4.49,SKU-0081,true,73,https://images.unsplash.com/featured/1200x1200/?premium-notebook,Premium Notebook product image
Hardcover Journal,hardcover-journal,"Hardcover Journal designed for reliable everyday use, combining practical features, quality materials and a clean modern design.",Quality hardcover journal for everyday use.,SIMPLE,DRAFT,VISIBLE,acme,apparel,4.99,6.99,SKU-0082,true,105,https://images.unsplash.com/featured/1200x1200/?hardcover-journal,Hardcover Journal product image
Gel Pen Set,gel-pen-set,"Gel Pen Set designed for reliable everyday use, combining practical features, quality materials and a clean modern design.",Quality gel pen set for everyday use.,SIMPLE,DRAFT,VISIBLE,acme,apparel,2.49,3.49,SKU-0083,true,44,https://images.unsplash.com/featured/1200x1200/?gel-pen-set,Gel Pen Set product image
Desk Organizer,desk-organizer,"Desk Organizer designed for reliable everyday use, combining practical features, quality materials and a clean modern design.",Quality desk organizer for everyday use.,SIMPLE,DRAFT,VISIBLE,acme,apparel,5.99,7.99,SKU-0084,true,104,https://images.unsplash.com/featured/1200x1200/?desk-organizer,Desk Organizer product image
Sticky Notes Pack,sticky-notes-pack,"Sticky Notes Pack designed for reliable everyday use, combining practical features, quality materials and a clean modern design.",Quality sticky notes pack for everyday use.,SIMPLE,DRAFT,VISIBLE,acme,apparel,1.99,2.99,SKU-0085,true,26,https://images.unsplash.com/featured/1200x1200/?sticky-notes-pack,Sticky Notes Pack product image
A4 Document Folder,a4-document-folder,"A4 Document Folder designed for reliable everyday use, combining practical features, quality materials and a clean modern design.",Quality a4 document folder for everyday use.,SIMPLE,DRAFT,VISIBLE,acme,apparel,1.49,2.49,SKU-0086,true,89,https://images.unsplash.com/featured/1200x1200/?a4-document-folder,A4 Document Folder product image
Weekly Planner,weekly-planner,"Weekly Planner designed for reliable everyday use, combining practical features, quality materials and a clean modern design.",Quality weekly planner for everyday use.,SIMPLE,DRAFT,VISIBLE,acme,apparel,3.49,4.99,SKU-0087,true,100,https://images.unsplash.com/featured/1200x1200/?weekly-planner,Weekly Planner product image
Minimal Desk Pad,minimal-desk-pad,"Minimal Desk Pad designed for reliable everyday use, combining practical features, quality materials and a clean modern design.",Quality minimal desk pad for everyday use.,SIMPLE,DRAFT,VISIBLE,acme,apparel,6.99,9.99,SKU-0088,true,114,https://images.unsplash.com/featured/1200x1200/?minimal-desk-pad,Minimal Desk Pad product image
Reusable Shopping Bag,reusable-shopping-bag,"Reusable Shopping Bag designed for reliable everyday use, combining practical features, quality materials and a clean modern design.",Quality reusable shopping bag for everyday use.,SIMPLE,DRAFT,VISIBLE,acme,apparel,1.99,2.99,SKU-0089,true,99,https://images.unsplash.com/featured/1200x1200/?reusable-shopping-bag,Reusable Shopping Bag product image
Travel Toiletry Kit,travel-toiletry-kit,"Travel Toiletry Kit designed for reliable everyday use, combining practical features, quality materials and a clean modern design.",Quality travel toiletry kit for everyday use.,SIMPLE,DRAFT,VISIBLE,acme,apparel,6.99,9.99,SKU-0090,true,70,https://images.unsplash.com/featured/1200x1200/?travel-toiletry-kit,Travel Toiletry Kit product image
Kids Cotton T-Shirt,kids-cotton-t-shirt,"Kids Cotton T-Shirt designed for reliable everyday use, combining practical features, quality materials and a clean modern design.",Quality kids cotton t-shirt for everyday use.,SIMPLE,DRAFT,VISIBLE,acme,apparel,3.99,5.99,SKU-0091,true,82,https://images.unsplash.com/featured/1200x1200/?kids-cotton-t-shirt,Kids Cotton T-Shirt product image
Kids Denim Shorts,kids-denim-shorts,"Kids Denim Shorts designed for reliable everyday use, combining practical features, quality materials and a clean modern design.",Quality kids denim shorts for everyday use.,SIMPLE,DRAFT,VISIBLE,acme,apparel,4.99,6.99,SKU-0092,true,104,https://images.unsplash.com/featured/1200x1200/?kids-denim-shorts,Kids Denim Shorts product image
Kids Backpack,kids-backpack,"Kids Backpack designed for reliable everyday use, combining practical features, quality materials and a clean modern design.",Quality kids backpack for everyday use.,SIMPLE,DRAFT,VISIBLE,acme,apparel,7.99,10.99,SKU-0093,true,119,https://images.unsplash.com/featured/1200x1200/?kids-backpack,Kids Backpack product image
Kids Water Bottle,kids-water-bottle,"Kids Water Bottle designed for reliable everyday use, combining practical features, quality materials and a clean modern design.",Quality kids water bottle for everyday use.,SIMPLE,DRAFT,VISIBLE,acme,apparel,3.49,4.99,SKU-0094,true,85,https://images.unsplash.com/featured/1200x1200/?kids-water-bottle,Kids Water Bottle product image
Kids Sneakers,kids-sneakers,"Kids Sneakers designed for reliable everyday use, combining practical features, quality materials and a clean modern design.",Quality kids sneakers for everyday use.,SIMPLE,DRAFT,VISIBLE,acme,apparel,8.99,12.99,SKU-0095,true,54,https://images.unsplash.com/featured/1200x1200/?kids-sneakers,Kids Sneakers product image
Baby Hooded Towel,baby-hooded-towel,"Baby Hooded Towel designed for reliable everyday use, combining practical features, quality materials and a clean modern design.",Quality baby hooded towel for everyday use.,SIMPLE,DRAFT,VISIBLE,acme,apparel,5.99,7.99,SKU-0096,true,95,https://images.unsplash.com/featured/1200x1200/?baby-hooded-towel,Baby Hooded Towel product image
Baby Cotton Blanket,baby-cotton-blanket,"Baby Cotton Blanket designed for reliable everyday use, combining practical features, quality materials and a clean modern design.",Quality baby cotton blanket for everyday use.,SIMPLE,DRAFT,VISIBLE,acme,apparel,7.99,10.99,SKU-0097,true,125,https://images.unsplash.com/featured/1200x1200/?baby-cotton-blanket,Baby Cotton Blanket product image
Kids Drawing Set,kids-drawing-set,"Kids Drawing Set designed for reliable everyday use, combining practical features, quality materials and a clean modern design.",Quality kids drawing set for everyday use.,SIMPLE,DRAFT,VISIBLE,acme,apparel,4.99,6.99,SKU-0098,true,45,https://images.unsplash.com/featured/1200x1200/?kids-drawing-set,Kids Drawing Set product image
Building Blocks Set,building-blocks-set,"Building Blocks Set designed for reliable everyday use, combining practical features, quality materials and a clean modern design.",Quality building blocks set for everyday use.,SIMPLE,DRAFT,VISIBLE,acme,apparel,9.99,13.99,SKU-0099,true,112,https://images.unsplash.com/featured/1200x1200/?building-blocks-set,Building Blocks Set product image
Wooden Puzzle,wooden-puzzle,"Wooden Puzzle designed for reliable everyday use, combining practical features, quality materials and a clean modern design.",Quality wooden puzzle for everyday use.,SIMPLE,DRAFT,VISIBLE,acme,apparel,4.49,6.49,SKU-0100,true,31,https://images.unsplash.com/featured/1200x1200/?wooden-puzzle,Wooden Puzzle product image
